KIND	SRC_TABLE	SRC_MODULE	SRC_COLUMN	REF_TABLE	REF_MODULE	REF_COLUMN	CONSTRAINT_NAME
physical	ACT_GE_BYTEARRAY	flowable-engine	DEPLOYMENT_ID_	ACT_RE_DEPLOYMENT	flowable-engine	ID_	ACT_FK_BYTEARR_DEPL
physical	ACT_PROCDEF_INFO	flowable-engine	INFO_JSON_ID_	ACT_GE_BYTEARRAY	flowable-engine	ID_	ACT_FK_INFO_JSON_BA
physical	ACT_PROCDEF_INFO	flowable-engine	PROC_DEF_ID_	ACT_RE_PROCDEF	flowable-engine	ID_	ACT_FK_INFO_PROCDEF
physical	ACT_RE_MODEL	flowable-engine	DEPLOYMENT_ID_	ACT_RE_DEPLOYMENT	flowable-engine	ID_	ACT_FK_MODEL_DEPLOYMENT
physical	ACT_RE_MODEL	flowable-engine	EDITOR_SOURCE_VALUE_ID_	ACT_GE_BYTEARRAY	flowable-engine	ID_	ACT_FK_MODEL_SOURCE
physical	ACT_RE_MODEL	flowable-engine	EDITOR_SOURCE_EXTRA_VALUE_ID_	ACT_GE_BYTEARRAY	flowable-engine	ID_	ACT_FK_MODEL_SOURCE_EXTRA
physical	ACT_RU_DEADLETTER_JOB	flowable-engine	CUSTOM_VALUES_ID_	ACT_GE_BYTEARRAY	flowable-engine	ID_	ACT_FK_DEADLETTER_JOB_CUSTOM_VALUES
physical	ACT_RU_DEADLETTER_JOB	flowable-engine	EXCEPTION_STACK_ID_	ACT_GE_BYTEARRAY	flowable-engine	ID_	ACT_FK_DEADLETTER_JOB_EXCEPTION
physical	ACT_RU_DEADLETTER_JOB	flowable-engine	EXECUTION_ID_	ACT_RU_EXECUTION	flowable-engine	ID_	ACT_FK_DEADLETTER_JOB_EXECUTION
physical	ACT_RU_DEADLETTER_JOB	flowable-engine	PROCESS_INSTANCE_ID_	ACT_RU_EXECUTION	flowable-engine	ID_	ACT_FK_DEADLETTER_JOB_PROCESS_INSTANCE
physical	ACT_RU_DEADLETTER_JOB	flowable-engine	PROC_DEF_ID_	ACT_RE_PROCDEF	flowable-engine	ID_	ACT_FK_DEADLETTER_JOB_PROC_DEF
physical	ACT_RU_EVENT_SUBSCR	flowable-engine	EXECUTION_ID_	ACT_RU_EXECUTION	flowable-engine	ID_	ACT_FK_EVENT_EXEC
physical	ACT_RU_EXECUTION	flowable-engine	SUPER_EXEC_	ACT_RU_EXECUTION	flowable-engine	ID_	ACT_FK_EXE_SUPER
physical	ACT_RU_EXECUTION	flowable-engine	PROC_INST_ID_	ACT_RU_EXECUTION	flowable-engine	ID_	ACT_FK_EXE_PROCINST
physical	ACT_RU_EXECUTION	flowable-engine	PROC_DEF_ID_	ACT_RE_PROCDEF	flowable-engine	ID_	ACT_FK_EXE_PROCDEF
physical	ACT_RU_EXECUTION	flowable-engine	PARENT_ID_	ACT_RU_EXECUTION	flowable-engine	ID_	ACT_FK_EXE_PARENT
physical	ACT_RU_EXTERNAL_JOB	flowable-engine	CUSTOM_VALUES_ID_	ACT_GE_BYTEARRAY	flowable-engine	ID_	ACT_FK_EXTERNAL_JOB_CUSTOM_VALUES
physical	ACT_RU_EXTERNAL_JOB	flowable-engine	EXCEPTION_STACK_ID_	ACT_GE_BYTEARRAY	flowable-engine	ID_	ACT_FK_EXTERNAL_JOB_EXCEPTION
physical	ACT_RU_IDENTITYLINK	flowable-engine	PROC_DEF_ID_	ACT_RE_PROCDEF	flowable-engine	ID_	ACT_FK_ATHRZ_PROCEDEF
physical	ACT_RU_IDENTITYLINK	flowable-engine	PROC_INST_ID_	ACT_RU_EXECUTION	flowable-engine	ID_	ACT_FK_IDL_PROCINST
physical	ACT_RU_IDENTITYLINK	flowable-engine	TASK_ID_	ACT_RU_TASK	flowable-engine	ID_	ACT_FK_TSKASS_TASK
physical	ACT_RU_JOB	flowable-engine	CUSTOM_VALUES_ID_	ACT_GE_BYTEARRAY	flowable-engine	ID_	ACT_FK_JOB_CUSTOM_VALUES
physical	ACT_RU_JOB	flowable-engine	EXCEPTION_STACK_ID_	ACT_GE_BYTEARRAY	flowable-engine	ID_	ACT_FK_JOB_EXCEPTION
physical	ACT_RU_JOB	flowable-engine	EXECUTION_ID_	ACT_RU_EXECUTION	flowable-engine	ID_	ACT_FK_JOB_EXECUTION
physical	ACT_RU_JOB	flowable-engine	PROCESS_INSTANCE_ID_	ACT_RU_EXECUTION	flowable-engine	ID_	ACT_FK_JOB_PROCESS_INSTANCE
physical	ACT_RU_JOB	flowable-engine	PROC_DEF_ID_	ACT_RE_PROCDEF	flowable-engine	ID_	ACT_FK_JOB_PROC_DEF
physical	ACT_RU_SUSPENDED_JOB	flowable-engine	PROC_DEF_ID_	ACT_RE_PROCDEF	flowable-engine	ID_	ACT_FK_SUSPENDED_JOB_PROC_DEF
physical	ACT_RU_SUSPENDED_JOB	flowable-engine	PROCESS_INSTANCE_ID_	ACT_RU_EXECUTION	flowable-engine	ID_	ACT_FK_SUSPENDED_JOB_PROCESS_INSTANCE
physical	ACT_RU_SUSPENDED_JOB	flowable-engine	EXCEPTION_STACK_ID_	ACT_GE_BYTEARRAY	flowable-engine	ID_	ACT_FK_SUSPENDED_JOB_EXCEPTION
physical	ACT_RU_SUSPENDED_JOB	flowable-engine	CUSTOM_VALUES_ID_	ACT_GE_BYTEARRAY	flowable-engine	ID_	ACT_FK_SUSPENDED_JOB_CUSTOM_VALUES
physical	ACT_RU_SUSPENDED_JOB	flowable-engine	EXECUTION_ID_	ACT_RU_EXECUTION	flowable-engine	ID_	ACT_FK_SUSPENDED_JOB_EXECUTION
physical	ACT_RU_TASK	flowable-engine	EXECUTION_ID_	ACT_RU_EXECUTION	flowable-engine	ID_	ACT_FK_TASK_EXE
physical	ACT_RU_TASK	flowable-engine	PROC_DEF_ID_	ACT_RE_PROCDEF	flowable-engine	ID_	ACT_FK_TASK_PROCDEF
physical	ACT_RU_TASK	flowable-engine	PROC_INST_ID_	ACT_RU_EXECUTION	flowable-engine	ID_	ACT_FK_TASK_PROCINST
physical	ACT_RU_TIMER_JOB	flowable-engine	EXECUTION_ID_	ACT_RU_EXECUTION	flowable-engine	ID_	ACT_FK_TIMER_JOB_EXECUTION
physical	ACT_RU_TIMER_JOB	flowable-engine	PROC_DEF_ID_	ACT_RE_PROCDEF	flowable-engine	ID_	ACT_FK_TIMER_JOB_PROC_DEF
physical	ACT_RU_TIMER_JOB	flowable-engine	PROCESS_INSTANCE_ID_	ACT_RU_EXECUTION	flowable-engine	ID_	ACT_FK_TIMER_JOB_PROCESS_INSTANCE
physical	ACT_RU_TIMER_JOB	flowable-engine	EXCEPTION_STACK_ID_	ACT_GE_BYTEARRAY	flowable-engine	ID_	ACT_FK_TIMER_JOB_EXCEPTION
physical	ACT_RU_TIMER_JOB	flowable-engine	CUSTOM_VALUES_ID_	ACT_GE_BYTEARRAY	flowable-engine	ID_	ACT_FK_TIMER_JOB_CUSTOM_VALUES
physical	ACT_RU_VARIABLE	flowable-engine	BYTEARRAY_ID_	ACT_GE_BYTEARRAY	flowable-engine	ID_	ACT_FK_VAR_BYTEARRAY
physical	ACT_RU_VARIABLE	flowable-engine	EXECUTION_ID_	ACT_RU_EXECUTION	flowable-engine	ID_	ACT_FK_VAR_EXE
physical	ACT_RU_VARIABLE	flowable-engine	PROC_INST_ID_	ACT_RU_EXECUTION	flowable-engine	ID_	ACT_FK_VAR_PROCINST
physical	FLW_RU_BATCH_PART	flowable-engine	BATCH_ID_	FLW_RU_BATCH	flowable-engine	ID_	FLW_FK_BATCH_PART_PARENT
physical	QRTZ_BLOB_TRIGGERS	quartz-scheduler	SCHED_NAME	QRTZ_TRIGGERS	quartz-scheduler	SCHED_NAME	QRTZ_BLOB_TRIGGERS_ibfk_1
physical	QRTZ_BLOB_TRIGGERS	quartz-scheduler	TRIGGER_GROUP	QRTZ_TRIGGERS	quartz-scheduler	TRIGGER_GROUP	QRTZ_BLOB_TRIGGERS_ibfk_1
physical	QRTZ_BLOB_TRIGGERS	quartz-scheduler	TRIGGER_NAME	QRTZ_TRIGGERS	quartz-scheduler	TRIGGER_NAME	QRTZ_BLOB_TRIGGERS_ibfk_1
physical	QRTZ_CRON_TRIGGERS	quartz-scheduler	SCHED_NAME	QRTZ_TRIGGERS	quartz-scheduler	SCHED_NAME	QRTZ_CRON_TRIGGERS_ibfk_1
physical	QRTZ_CRON_TRIGGERS	quartz-scheduler	TRIGGER_NAME	QRTZ_TRIGGERS	quartz-scheduler	TRIGGER_NAME	QRTZ_CRON_TRIGGERS_ibfk_1
physical	QRTZ_CRON_TRIGGERS	quartz-scheduler	TRIGGER_GROUP	QRTZ_TRIGGERS	quartz-scheduler	TRIGGER_GROUP	QRTZ_CRON_TRIGGERS_ibfk_1
physical	QRTZ_SIMPLE_TRIGGERS	quartz-scheduler	SCHED_NAME	QRTZ_TRIGGERS	quartz-scheduler	SCHED_NAME	QRTZ_SIMPLE_TRIGGERS_ibfk_1
physical	QRTZ_SIMPLE_TRIGGERS	quartz-scheduler	TRIGGER_NAME	QRTZ_TRIGGERS	quartz-scheduler	TRIGGER_NAME	QRTZ_SIMPLE_TRIGGERS_ibfk_1
physical	QRTZ_SIMPLE_TRIGGERS	quartz-scheduler	TRIGGER_GROUP	QRTZ_TRIGGERS	quartz-scheduler	TRIGGER_GROUP	QRTZ_SIMPLE_TRIGGERS_ibfk_1
physical	QRTZ_SIMPROP_TRIGGERS	quartz-scheduler	SCHED_NAME	QRTZ_TRIGGERS	quartz-scheduler	SCHED_NAME	QRTZ_SIMPROP_TRIGGERS_ibfk_1
physical	QRTZ_SIMPROP_TRIGGERS	quartz-scheduler	TRIGGER_NAME	QRTZ_TRIGGERS	quartz-scheduler	TRIGGER_NAME	QRTZ_SIMPROP_TRIGGERS_ibfk_1
physical	QRTZ_SIMPROP_TRIGGERS	quartz-scheduler	TRIGGER_GROUP	QRTZ_TRIGGERS	quartz-scheduler	TRIGGER_GROUP	QRTZ_SIMPROP_TRIGGERS_ibfk_1
physical	QRTZ_TRIGGERS	quartz-scheduler	SCHED_NAME	QRTZ_JOB_DETAILS	quartz-scheduler	SCHED_NAME	QRTZ_TRIGGERS_ibfk_1
physical	QRTZ_TRIGGERS	quartz-scheduler	JOB_NAME	QRTZ_JOB_DETAILS	quartz-scheduler	JOB_NAME	QRTZ_TRIGGERS_ibfk_1
physical	QRTZ_TRIGGERS	quartz-scheduler	JOB_GROUP	QRTZ_JOB_DETAILS	quartz-scheduler	JOB_GROUP	QRTZ_TRIGGERS_ibfk_1
logical	ADDRBOOK_EMPLOYEE	portal-content-center	emp_id	PT_USER	auth-permission-center	id	logical:员工引用
logical	ADDRBOOK_EMPLOYEE	portal-content-center	org_code	EXT_ORG_INFO	auth-permission-center	org_code	logical:机构引用
logical	AUDIT_LOG	system-governance-center	emp_id	PT_USER	auth-permission-center	id	logical:员工引用
logical	BIZ_FILE_REL	system-governance-center	created_by	PT_USER	auth-permission-center	id	logical:创建人
logical	BIZ_PROCESS_MAP	workflow-center	biz_id	BIZ_FILE_REL	system-governance-center	biz_id	logical:业务文件挂载
logical	BIZ_PROCESS_MAP	workflow-center	process_definition_key	ACT_RE_PROCDEF	flowable-engine	KEY_	logical:Flowable 流程定义
logical	BIZ_PROCESS_MAP	workflow-center	process_instance_id	ACT_RU_EXECUTION	flowable-engine	ID_	logical:Flowable 流程实例
logical	CUST_ALLOC_RELATION	performance-engine-center	cust_id	CUST_MASTER	customer-marketing-center	id	logical:客户引用
logical	CUST_ALLOC_RELATION	performance-engine-center	emp_id	PT_USER	auth-permission-center	id	logical:员工引用
logical	CUST_ALLOC_RELATION	performance-engine-center	created_by	PT_USER	auth-permission-center	id	logical:创建人
logical	CUST_ALLOC_RELATION	performance-engine-center	updated_by	PT_USER	auth-permission-center	id	logical:更新人
logical	CUST_CLAIM	customer-marketing-center	cust_id	CUST_MASTER	customer-marketing-center	id	logical:客户引用
logical	CUST_CLAIM	customer-marketing-center	org_id	EXT_ORG_INFO	auth-permission-center	id	logical:机构引用
logical	CUST_INDEX_RESULT	performance-engine-center	cust_id	CUST_MASTER	customer-marketing-center	id	logical:客户引用
logical	CUST_LEAD	customer-marketing-center	owner_org_id	EXT_ORG_INFO	auth-permission-center	id	logical:所属机构
logical	CUST_LEAD	customer-marketing-center	created_by	PT_USER	auth-permission-center	id	logical:创建人
logical	CUST_LEAD	customer-marketing-center	business_key	BIZ_PROCESS_MAP	workflow-center	business_key	logical:流程业务键
logical	CUST_LEAD	customer-marketing-center	import_batch_id	LEAD_IMPORT_BATCH	customer-marketing-center	id	logical:导入批次
logical	CUST_LEAD	customer-marketing-center	process_instance_id	ACT_RU_EXECUTION	flowable-engine	ID_	logical:Flowable 流程实例
logical	CUST_LEAD	customer-marketing-center	updated_by	PT_USER	auth-permission-center	id	logical:更新人
logical	CUST_MASTER	customer-marketing-center	owner_org_id	EXT_ORG_INFO	auth-permission-center	id	logical:所属机构
logical	CUST_MASTER	customer-marketing-center	lead_id	CUST_LEAD	customer-marketing-center	id	logical:线索引用
logical	CUST_TAG	customer-marketing-center	created_by	PT_USER	auth-permission-center	id	logical:创建人
logical	CUST_TAG	customer-marketing-center	updated_by	PT_USER	auth-permission-center	id	logical:更新人
logical	CUST_TAG_REL	customer-marketing-center	cust_id	CUST_MASTER	customer-marketing-center	id	logical:客户引用
logical	CUST_TAG_REL	customer-marketing-center	tag_id	CUST_TAG	customer-marketing-center	id	logical:标签引用
logical	CUST_TAG_REL	customer-marketing-center	created_by	PT_USER	auth-permission-center	id	logical:创建人
logical	DOC_INFO	portal-content-center	created_by	PT_USER	auth-permission-center	id	logical:创建人
logical	DOC_INFO	portal-content-center	updated_by	PT_USER	auth-permission-center	id	logical:更新人
logical	EMP_INDEX_RESULT	performance-engine-center	emp_id	PT_USER	auth-permission-center	id	logical:员工引用
logical	EXT_ORG_INFO	auth-permission-center	CREATE_USER	PT_USER	auth-permission-center	id	logical:创建人(旧)
logical	EXT_USER_ORG	auth-permission-center	USER_ID	PT_USER	auth-permission-center	id	logical:用户引用
logical	EXT_USER_ORG	auth-permission-center	ORG_CODE	EXT_ORG_INFO	auth-permission-center	org_code	logical:机构引用
logical	KPI_RESULT	performance-engine-center	emp_id	PT_USER	auth-permission-center	id	logical:员工引用
logical	LEAD_IMPORT_BATCH	customer-marketing-center	business_key	BIZ_PROCESS_MAP	workflow-center	business_key	logical:流程业务键
logical	LEAD_IMPORT_BATCH	customer-marketing-center	process_instance_id	ACT_RU_EXECUTION	flowable-engine	ID_	logical:Flowable 流程实例
logical	LEAD_IMPORT_BATCH	customer-marketing-center	owner_org_id	EXT_ORG_INFO	auth-permission-center	id	logical:所属机构
logical	LEAD_IMPORT_BATCH	customer-marketing-center	created_by	PT_USER	auth-permission-center	id	logical:创建人
logical	LEAD_IMPORT_BATCH	customer-marketing-center	updated_by	PT_USER	auth-permission-center	id	logical:更新人
logical	LOAN_APPLY	business-application-center	cust_id	CUST_MASTER	customer-marketing-center	id	logical:客户引用
logical	LOAN_APPLY	business-application-center	business_key	BIZ_PROCESS_MAP	workflow-center	business_key	logical:流程业务键
logical	LOAN_APPLY	business-application-center	process_instance_id	ACT_RU_EXECUTION	flowable-engine	ID_	logical:Flowable 流程实例
logical	LOAN_APPLY	business-application-center	owner_org_id	EXT_ORG_INFO	auth-permission-center	id	logical:所属机构
logical	LOAN_APPLY	business-application-center	created_by	PT_USER	auth-permission-center	id	logical:创建人
logical	LOAN_APPLY	business-application-center	updated_by	PT_USER	auth-permission-center	id	logical:更新人
logical	ORG_INDEX_RESULT	performance-engine-center	org_code	EXT_ORG_INFO	auth-permission-center	org_code	logical:机构引用
logical	PERF_ALLOC_ADJUST_APPLY	performance-engine-center	cust_id	CUST_MASTER	customer-marketing-center	id	logical:客户引用
logical	PERF_ALLOC_ADJUST_APPLY	performance-engine-center	business_key	BIZ_PROCESS_MAP	workflow-center	business_key	logical:流程业务键
logical	PERF_ALLOC_ADJUST_APPLY	performance-engine-center	process_instance_id	ACT_RU_EXECUTION	flowable-engine	ID_	logical:Flowable 流程实例
logical	PERF_ALLOC_ADJUST_APPLY	performance-engine-center	owner_org_id	EXT_ORG_INFO	auth-permission-center	id	logical:所属机构
logical	PERF_ALLOC_ADJUST_APPLY	performance-engine-center	created_by	PT_USER	auth-permission-center	id	logical:创建人
logical	PERF_ALLOC_ADJUST_APPLY	performance-engine-center	updated_by	PT_USER	auth-permission-center	id	logical:更新人
logical	PERF_ALLOC_ADJUST_ITEM	performance-engine-center	apply_id	PERF_ALLOC_ADJUST_APPLY	performance-engine-center	id	logical:调整申请
logical	PERF_ALLOC_ADJUST_ITEM	performance-engine-center	emp_id	PT_USER	auth-permission-center	id	logical:员工引用
logical	PERF_IMPORT_BATCH	performance-engine-center	created_by	PT_USER	auth-permission-center	id	logical:创建人
logical	PERF_KPI_ITEM	performance-engine-center	scheme_id	PERF_KPI_SCHEME	performance-engine-center	id	logical:KPI 方案
logical	PERF_KPI_ITEM	performance-engine-center	metric_code	PERF_METRIC_DEF	performance-engine-center	metric_code	logical:指标编码
logical	PERF_KPI_SCHEME	performance-engine-center	created_by	PT_USER	auth-permission-center	id	logical:创建人
logical	PERF_KPI_SCHEME	performance-engine-center	updated_by	PT_USER	auth-permission-center	id	logical:更新人
logical	PERF_METRIC_DEF	performance-engine-center	created_by	PT_USER	auth-permission-center	id	logical:创建人
logical	PERF_METRIC_DEF	performance-engine-center	updated_by	PT_USER	auth-permission-center	id	logical:更新人
logical	PERF_METRIC_REF	performance-engine-center	metric_code	PERF_METRIC_DEF	performance-engine-center	metric_code	logical:指标编码
logical	PERF_TARGET_ADJUST_APPLY	performance-engine-center	plan_id	PERF_TARGET_PLAN	performance-engine-center	id	logical:目标方案
logical	PERF_TARGET_ADJUST_APPLY	performance-engine-center	business_key	BIZ_PROCESS_MAP	workflow-center	business_key	logical:流程业务键
logical	PERF_TARGET_ADJUST_APPLY	performance-engine-center	process_instance_id	ACT_RU_EXECUTION	flowable-engine	ID_	logical:Flowable 流程实例
logical	PERF_TARGET_ADJUST_APPLY	performance-engine-center	owner_org_id	EXT_ORG_INFO	auth-permission-center	id	logical:所属机构
logical	PERF_TARGET_ADJUST_APPLY	performance-engine-center	created_by	PT_USER	auth-permission-center	id	logical:创建人
logical	PERF_TARGET_ADJUST_APPLY	performance-engine-center	updated_by	PT_USER	auth-permission-center	id	logical:更新人
logical	PERF_TARGET_PLAN	performance-engine-center	kpi_scheme_id	PERF_KPI_SCHEME	performance-engine-center	id	logical:KPI 方案
logical	PERF_TARGET_PLAN	performance-engine-center	created_by	PT_USER	auth-permission-center	id	logical:创建人
logical	PERF_TARGET_PLAN	performance-engine-center	updated_by	PT_USER	auth-permission-center	id	logical:更新人
logical	PERF_TARGET_VALUE	performance-engine-center	plan_id	PERF_TARGET_PLAN	performance-engine-center	id	logical:目标方案
logical	PERF_TARGET_VALUE	performance-engine-center	metric_code	PERF_METRIC_DEF	performance-engine-center	metric_code	logical:指标编码
logical	PERF_TARGET_VALUE	performance-engine-center	created_by	PT_USER	auth-permission-center	id	logical:创建人
logical	PERF_TARGET_VALUE	performance-engine-center	updated_by	PT_USER	auth-permission-center	id	logical:更新人
logical	PORTAL_NAV	portal-content-center	created_by	PT_USER	auth-permission-center	id	logical:创建人
logical	PORTAL_NAV	portal-content-center	updated_by	PT_USER	auth-permission-center	id	logical:更新人
logical	PORTAL_SHORTCUT	portal-content-center	emp_id	PT_USER	auth-permission-center	id	logical:员工引用
logical	PORTAL_SHORTCUT	portal-content-center	created_by	PT_USER	auth-permission-center	id	logical:创建人
logical	PORTAL_SHORTCUT	portal-content-center	updated_by	PT_USER	auth-permission-center	id	logical:更新人
logical	PRODUCT_INFO	portal-content-center	owner_org_id	EXT_ORG_INFO	auth-permission-center	id	logical:所属机构
logical	PRODUCT_INFO	portal-content-center	created_by	PT_USER	auth-permission-center	id	logical:创建人
logical	PRODUCT_INFO	portal-content-center	updated_by	PT_USER	auth-permission-center	id	logical:更新人
logical	PT_RESOURCE	auth-permission-center	CREATE_USER	PT_USER	auth-permission-center	id	logical:创建人(旧)
logical	PT_RESOURCE	auth-permission-center	UPDATE_USER	PT_USER	auth-permission-center	id	logical:更新人(旧)
logical	PT_ROLE	auth-permission-center	CREATE_USER	PT_USER	auth-permission-center	id	logical:创建人(旧)
logical	PT_ROLE	auth-permission-center	UPDATE_USER	PT_USER	auth-permission-center	id	logical:更新人(旧)
logical	PT_ROLE_BIZ_SCOPE	auth-permission-center	ROLE_ID	PT_ROLE	auth-permission-center	id	logical:角色引用
logical	PT_ROLE_BIZ_SCOPE	auth-permission-center	CREATE_USER	PT_USER	auth-permission-center	id	logical:创建人(旧)
logical	PT_ROLE_BIZ_SCOPE	auth-permission-center	UPDATE_USER	PT_USER	auth-permission-center	id	logical:更新人(旧)
logical	PT_ROLE_RESOURCE	auth-permission-center	ROLE_ID	PT_ROLE	auth-permission-center	id	logical:角色引用
logical	PT_ROLE_RESOURCE	auth-permission-center	RESOURCE_ID	PT_RESOURCE	auth-permission-center	id	logical:资源引用
logical	PT_USER_ROLE	auth-permission-center	USER_ID	PT_USER	auth-permission-center	id	logical:用户引用
logical	PT_USER_ROLE	auth-permission-center	ROLE_ID	PT_ROLE	auth-permission-center	id	logical:角色引用
logical	RPT_EXPORT_TASK	report-analytics-center	operator_id	PT_USER	auth-permission-center	id	logical:操作人
logical	RPT_SAVED_QUERY	report-analytics-center	emp_id	PT_USER	auth-permission-center	id	logical:员工引用
logical	SQL_PROBE_HISTORY	report-analytics-center	emp_id	PT_USER	auth-permission-center	id	logical:员工引用
logical	SUPPORT_REQUEST	business-application-center	cust_id	CUST_MASTER	customer-marketing-center	id	logical:客户引用
logical	SUPPORT_REQUEST	business-application-center	product_id	PRODUCT_INFO	portal-content-center	id	logical:产品引用
logical	SUPPORT_REQUEST	business-application-center	business_key	BIZ_PROCESS_MAP	workflow-center	business_key	logical:流程业务键
logical	SUPPORT_REQUEST	business-application-center	process_instance_id	ACT_RU_EXECUTION	flowable-engine	ID_	logical:Flowable 流程实例
logical	SUPPORT_REQUEST	business-application-center	owner_org_id	EXT_ORG_INFO	auth-permission-center	id	logical:所属机构
logical	SUPPORT_REQUEST	business-application-center	created_by	PT_USER	auth-permission-center	id	logical:创建人
logical	SUPPORT_REQUEST	business-application-center	updated_by	PT_USER	auth-permission-center	id	logical:更新人
logical	SYS_CALENDAR_DAY	system-governance-center	created_by	PT_USER	auth-permission-center	id	logical:创建人
logical	SYS_CALENDAR_DAY	system-governance-center	updated_by	PT_USER	auth-permission-center	id	logical:更新人
logical	SYS_CONFIG_KV	system-governance-center	created_by	PT_USER	auth-permission-center	id	logical:创建人
logical	SYS_CONFIG_KV	system-governance-center	updated_by	PT_USER	auth-permission-center	id	logical:更新人
logical	SYS_CONTROL	performance-engine-center	updated_by	PT_USER	auth-permission-center	id	logical:更新人
logical	SYS_DICT	system-governance-center	created_by	PT_USER	auth-permission-center	id	logical:创建人
logical	SYS_DICT	system-governance-center	updated_by	PT_USER	auth-permission-center	id	logical:更新人
logical	SYS_DICT_ITEM	system-governance-center	created_by	PT_USER	auth-permission-center	id	logical:创建人
logical	SYS_DICT_ITEM	system-governance-center	updated_by	PT_USER	auth-permission-center	id	logical:更新人
logical	SYS_JOB_CONF	system-governance-center	created_by	PT_USER	auth-permission-center	id	logical:创建人
logical	SYS_JOB_CONF	system-governance-center	updated_by	PT_USER	auth-permission-center	id	logical:更新人
logical	SYS_JOB_RUN_LOG	system-governance-center	created_by	PT_USER	auth-permission-center	id	logical:创建人
logical	TOUCH_LOG	customer-marketing-center	touch_task_id	TOUCH_TASK	customer-marketing-center	id	logical:触达任务
logical	TOUCH_LOG	customer-marketing-center	owner_org_id	EXT_ORG_INFO	auth-permission-center	id	logical:所属机构
logical	TOUCH_LOG	customer-marketing-center	created_by	PT_USER	auth-permission-center	id	logical:创建人
logical	TOUCH_TASK	customer-marketing-center	cust_id	CUST_MASTER	customer-marketing-center	id	logical:客户引用
logical	TOUCH_TASK	customer-marketing-center	org_id	EXT_ORG_INFO	auth-permission-center	id	logical:机构引用
logical	TOUCH_TASK	customer-marketing-center	business_key	BIZ_PROCESS_MAP	workflow-center	business_key	logical:流程业务键
logical	USER_NOTIFICATION	system-governance-center	emp_id	PT_USER	auth-permission-center	id	logical:员工引用
logical	USER_NOTIFICATION	system-governance-center	biz_id	BIZ_FILE_REL	system-governance-center	biz_id	logical:业务文件挂载
logical	WF_NODE_CANDIDATE_CONF	workflow-center	process_definition_key	ACT_RE_PROCDEF	flowable-engine	KEY_	logical:Flowable 流程定义
logical	WF_NODE_CANDIDATE_CONF	workflow-center	node_key	WF_NODE_FORM_CONF	workflow-center	node_key	logical:节点键
logical	WF_NODE_FORM_CONF	workflow-center	process_definition_key	ACT_RE_PROCDEF	flowable-engine	KEY_	logical:Flowable 流程定义
logical	WF_TIMEOUT_RULE	workflow-center	process_definition_key	ACT_RE_PROCDEF	flowable-engine	KEY_	logical:Flowable 流程定义
logical	WF_TIMEOUT_RULE	workflow-center	node_key	WF_NODE_FORM_CONF	workflow-center	node_key	logical:节点键
